{
    "total_return": NaN,
    "annual_return": NaN,
    "volatility": NaN,
    "sharpe_ratio": 0,
    "sortino_ratio": NaN,
    "max_drawdown": -0.4851685735051763,
    "win_rate": 0.3230069555912253,
    "avg_pnl": 9.6278086477995e-05,
    "num_trades": 18690
}